Code,CanonicalValue,LegacyValues
A,A - General Works,A - General Works - General
AC,AC - Collections & Series & Collected Works,AC - General Works - Collections/Series/Collected Works
AE,AE - Encyclopedias,AE - General Works - Encyclopedias
AG,AG - Dictionaries and Other General Reference Works,AG - General Works - Dictionaries and Other General Reference Works
AI,AI - Indexes,AI - General Works - Indexes
AM,AM - Museums & Collecting,AM - General Works - Museums/Collectors and Collecting
AN,AN - Newspapers,AN - General Works - Newspapers
AP,AP - Periodicals,AP - General Works - Periodicals
AS,AS - Academies and Learned Societies,AS - General Works - Academies and Learned Socieites
AY,AY - Yearbooks & Almanacs & Directories,AY - General Works - Yearbooks/Almanacs/Directories
AZ,AZ - History of Scholarship & The Humanities,AZ - History of Scholarship and Learning / The Humanities|AZ - General Works - History of Scholarship and Learning/The Humanities
B,B - Philosophy General,B - Philosophy/Psychology/Religion - Philosophy (General)
BC,BC - Logic,BC - Philosophy/Psychology/Religion - Logic
BD,BD - Speculative Philosophy,BD - Philosophy/Psychology/Religion - Speculative Philosophy
BF,BF - Psychology,BF - Philosophy/Psychology/Religion - Psychology|BF - Philosophy/Psychology/Religion - Psychology / Occult Sciences
BH,BH - Aesthetics,BH - Philosophy/Psychology/Religion - Aesthetics
BJ,BJ - Ethics,BJ - Philosophy/Psychology/Religion - Ethics
BL,BL - Religions & Mythology & Rationalism,BL - Philosophy/Psychology/Religion - Religions/Mythology/Rationalism|BL - Philosophy/Psychology/Religion - Religions / Mythology / Rationalism
BM,BM - Judaism,BM - Philosophy/Psychology/Religion - Judaism
BP,BP - Islam & Bahai Faith & Theosophy,BP - Islam / Bahaism / Theosophy / Etc|BP - Philosophy/Psychology/Religion - Islam/Bahaism/Theosophy/Etc|BP - Philosophy/Psychology/Religion - Islam / Bahai Faith / Theosophy
BQ,BQ - Buddhism,BQ - Philosophy/Psychology/Religion - Buddhism
BR,BR - Christianity,BR - Philosophy/Psychology/Religion - Christianity
BS,BS - The Bible,BS - Philosophy/Psychology/Religion - The Bible
BT,BT - Doctrinal Theology,BT - Philosophy/Psychology/Religion - Doctrinal Theology
BV,BV - Practical Theology,BV - Philosophy/Psychology/Religion - Practical Theology
BX,BX - Christian Denominations,BX - Philosophy/Psychology/Religion - Christian Denominations
C,C - Auxiliary Sciences of History General,C - Auxiliary Sciences of History - Auxiliary Sciences of History (General)
CB,CB - History of Civilization,CB - Auxiliary Sciences of History - History of Civilization
CC,CC - Archaeology,CC - Auxiliary Sciences of History - Archaeology
CD,CD - Diplomatics & Archives & Seals,CD - Auxiliary Sciences of History - Diplomatics/Archives/Seals
CE,CE - Technical Chronology & Calendar,CE - Auxiliary Sciences of History - Technical Chronology/Calendar
CJ,CJ - Numismatics,CJ - Auxiliary Sciences of History - Numismatics
CN,CN - Inscriptions & Epigraphy,CN - Auxiliary Sciences of History - Inscriptions/Epigraphy
CR,CR - Heraldry,CR - Auxiliary Sciences of History - Heraldry
CS,CS - Genealogy,CS - Auxiliary Sciences of History - Genealogy
CT,CT - Biography,CT - Auxiliary Sciences of History - Biography
D,D - History General,D - World History/History of Europe/Asia/Africa/Australia/New Zealand/Etc - History (General)|D - World History and History of Europe/Asia/Africa/Australia/New Zealand/Etc - History (General)
DA,DA - Great Britain,DA - World History/History of Europe/Asia/Africa/Australia/New Zealand/Etc - Great Britain
DAW,DAW - Central Europe,DAW - World History/History of Europe/Asia/Africa/Australia/New Zealand/Etc - Central Europe
DB,DB - Austria & Hungary & Central Europe,DB - Austria / Liechtenstein / Hungary / Czechoslovakia|DB - World History/History of Europe/Asia/Africa/Australia/New Zealand/Etc - Austria/Liechtenstein/Hungary/Czechoslovakia|DB - World History/History of Europe/Asia/Africa/Australia/New Zealand/Etc - Austria / Liechtenstein / Hungary / Czechoslovakia
DC,DC - France & Andorra & Monaco,DC - France / Andorra / Monaco|DC -World History/History of Europe/Asia/Africa/Australia/New Zealand/Etc - France/Andorra/Monacco|DC - World History/History of Europe/Asia/Africa/Australia/New Zealand/Etc - France
DD,DD - Germany,DD - World History/History of Europe/Asia/Africa/Australia/New Zealand/Etc - Germany
DE,DE - Greco-Roman World,DE -World History/History of Europe/Asia/Africa/Australia/New Zealand/Etc - Greco-Roman World
DF,DF - Greece,DF -World History/History of Europe/Asia/Africa/Australia/New Zealand/Etc - Greece
DG,DG - Italy & Malta,DG - Italy / Malta|DG - World History/History of Europe/Asia/Africa/Australia/New Zealand/Etc - Italy/Malta
DH,DH - Low Countries & Benelux,DH - Low Countries / Benelux Countries|DH -World History/History of Europe/Asia/Africa/Australia/New Zealand/Etc - Low Countries/Benelux Countries
DJ,DJ - Netherlands,DJ - Netherlands / Holland|DJ - World History/History of Europe/Asia/Africa/Australia/New Zealand/Etc - Netherlands (Holland)
DJK,DJK - Eastern Europe General,DJK - World History/History of Europe/Asia/Africa/Australia/New Zealand/Etc - Eastern Europe (General)
DK,DK - Russia & Soviet Union & Former Republics,DK - Russia / Soviet Union / Former Soviet Republics / Poland|DK - World History/History of Europe/Asia/Africa/Australia/New Zealand/Etc - Russia/Soviet Union/Former Soviet Republics/Poland|DK - World History/History of Europe/Asia/Africa/Australia/New Zealand/Etc - Russia / Soviet Union / Former Soviet Republics
DL,DL - Northern Europe & Scandinavia,DL - Northern Europe / Scandinavia|DL - World History/History of Europe/Asia/Africa/Australia/New Zealand/Etc - Northern Europe/Scandanavia
DP,DP - Spain & Portugal,DP - Spain / Portugal|DP - World History/History of Europe/Asia/Africa/Australia/New Zealand/Etc - Spain/Portugal|DP - World History/History of Europe/Asia/Africa/Australia/New Zealand/Etc - Spain / Portugal
DQ,DQ - Switzerland,DQ - World History/History of Europe/Asia/Africa/Australia/New Zealand/Etc - Switzerland
DR,DR - Balkan Peninsula,DR - World History/History of Europe/Asia/Africa/Australia/New Zealand/Etc - Balkan Peninsula
DS,DS - Asia,DS - World History/History of Europe/Asia/Africa/Australia/New Zealand/Etc - Asia
DT,DT - Africa,DT - World History/History of Europe/Asia/Africa/Australia/New Zealand/Etc - Africa
DU,DU - Oceania & Pacific,DU - Oceania / South Seas|DU - World History/History of Europe/Asia/Africa/Australia/New Zealand/Etc - Oceania (South Seas)
DX,DX - Romanies,DX - World History/History of Europe/Asia/Africa/Australia/New Zealand/Etc - Romanies
E,E - Americas: General History,E - History of the Americas General|E - History of the Americas - General
E11-143,E11-143 - Americas: Pre-Colonial & Colonial,E11-143 - America|E11-143 - History of the Americas - America
E151-909,E151-909 - United States: History,E151-909 - United States|E151-909 - History of the Americas - United States
F,F - Americas: Local History,F - United States Local History|F - History of the Americas - United States Local History
F1-975,F1-975 - United States: Local & Regional History,F1-975 - United States Local History|F1-975 - History of the Americas - United States Local History
F1001-1145,F1001-1145 - Canada & British America,F1001-1145 - British America Including Canada / Dutch America|F1001-1145 - British America (including Canada)/Dutch America
F1170,F1170 - French America,F1170 - History of the Americas - French America
F1201-3799,F1201-3799 - Latin America & Caribbean,F1201-3799 - Latin America / Spanish America|F1201-3799 - History of the Americas - Latin America/Spanish America|F1201-3799 - History of the Americas - Latin America / Spanish America
G,G - Geography: General & Atlases & Maps,G - Geography General / Atlases / Maps|G - Geography/Anthropology/Recreation - Geography (General)/Atlases/Maps
GA,GA - Mathematical Geography & Cartography,GA - Geography/Anthropology/Recreation - Mathematical geography/Cartography
GB,GB - Physical Geography,GB - Geography/Anthropology/Recreation - Physical Geography
GC,GC - Oceanography,GC - Geography/Anthropology/Recreation - Oceanography
GE,GE - Environmental Sciences,GE - Geography/Anthropology/Recreation - Environmental Sciences
GF,GF - Human Ecology & Anthropogeography,GF - Human Ecology / Anthropogeography|GF - Geography/Anthropology/Recreation - Human Ecology/Anthropogeography|GF - Geography/Anthropology/Recreation - Human Ecology / Anthropogeography
GN,GN - Anthropology,GN - Geography/Anthropology/Recreation - Anthropology
GR,GR - Folklore,GR - Geography/Anthropology/Recreation - Folklore
GT,GT - Manners & Customs,GT - Manners and Customs General|GT - Geography/Anthropology/Recreation - Manners and Customs (General)
GV,GV - Recreation & Leisure,GV - Recreation / Leisure|GV - Geography/Anthropology/Recreation - Recreation/Leisure
H,H - Social Sciences General,H - Social Sciences - Social Sciences (General)
HA,HA - Statistics,HA - Social Sciences - Statistics
HB,HB - Economic Theory & Demography,HB - Economic Theory / Demography|HB - Social Sciences - Economic Theory/Demography
HC,HC - Economic History and Conditions,HC - Social Sciences - Economic History and Conditions
HD,HD - Industries & Land Use & Labor,HD - Industries / Land Use / Labor|HD - Social Sciences - Industries/Land Use/Labor|HD - Social Sciences - Industries / Land Use / Labor
HE,HE - Transportation & Communications,HE - Transportation and Communications|HE - Social Sciences - Transportation and Communications
HF,HF - Commerce,HF - Social Sciences - Commerce
HG,HG - Finance,HG - Social Sciences - Finance
HJ,HJ - Public Finance,HJ - Social Sciences - Public Finance
HM,HM - Sociology: General,HM - Sociology General|HM - Social Sciences - Sociology (General)
HN,HN - Social History & Social Reform,HN - Social History and Conditions / Social Problems / Social Reform|HN - Social Sciences - Social History and Conditions/Social Problems/Social Reform
HQ,HQ - Family & Marriage & Women,HQ - The Family / Marriage / Women|HQ - Social Sciences - The Family/Marriage/Women
HS,HS - Societies & Organizations,HS - Societies / Secret / Benevolent / Etc|HS - Social Sciences - Societies: Secret/Benevolent/Etc
HT,HT - Communities & Classes & Races,HT - Communities / Classes / Races|HT - Social Sciences - Communities/Classes/Races
HV,HV - Criminology & Social Welfare,HV - Social Pathology / Social and Public Welfare / Criminology|HV - Social Sciences - Social Pathology/Social and Public Welfare/Criminology
HX,HX - Socialism & Communism & Anarchism,HX - Socialism / Communism / Anarchism|HX - Social Sciences - Socialism/Communism/Anarchism
J,J - Legislative & Executive Papers,J - General Legislative and Executive Papers|J - Political Science - General Legislative and Executive Papers
JA,JA - Political Science General,JA - Political Science - Political Science (General)
JC,JC - Political Theory,JC - Political Science - Political Theory
JF,JF - Political Institutions & Administration,JF - Political Institutions and Public Administration|JF - Political Science - Political Institutions and Public Administration
JJ,JJ - Political Administration: North America,JJ - Political Institutions and Public Administration / North America|JJ - Political Science - Political Institutions and Public Administration (North America)
JK,JK - Political Administration: United States,JK - Political Institutions and Public Administration / United States|JK - Political Science - Political Institutions and Public Administration (United States)
JL,JL - Political Administration: Canada & Latin America,JL - Political Institutions and Public Administration / Canada / Latin America / Etc|JL - Political Science - Political Institutions and Public Administration (Canada/Latin America/etc)
JN,JN - Political Administration: Europe,JN - Political Institutions and Public Administration / Europe|JN - Political Science - Political Institutions and Public Administration (Europe)|JN - Political Science - Political Institutions and Public Administration - Europe
JQ,JQ - Political Administration: Asia & Africa & Pacific,JQ - Political Institutions and Public Administration / Asia / Africa / Australia / Pacific Area / Etc|JQ - Political Science - Political Institutions and Public Administration (Asia/Africa/Australia/Pacific Area/etc)
JS,JS - Local & Municipal Government,JS - Local Government / Municipal Government|JS - Political Science - Local Government/Municipal Government
JV,JV - Colonization & Immigration,JV - Colonies and Colonization / Emigration and Immigration / International Migration|JV - Political Science - Colonies and Colonization/Emigration and Immigration/International Migration
JZ,JZ - International Relations,JZ - Political Science - International Relations
K,K - Law: General & Jurisprudence,K - Law General / Comparative and Uniform Law / Jurisprudence|K - Law - Law in General/Comparative and Uniform Law/Jurisprudence
KB,KB - Religious Law: General,KB - Religious Law General / Comparative Religious Law / Jurisprudence|KB - Law - Religious Law in General/Comparative Religious Law/Jurisprudence
KBM,KBM - Jewish Law,KBM - Law - Jewish Law
KBP,KBP - Islamic Law,KBP - Law - Islamic Law
KBR,KBR - History of Canon Law,KBR - Law - History of Canon Law
KBU,KBU - Catholic Church Law & The Holy See,KBU - Law of the Roman Catholic Church / The Holy See|KBU - Law - Law of the Roman Catholic Church/The Holy See
KD,KD-KDK - Law: United Kingdom & Ireland,KD - Law - United Kingdom and Ireland
KDK,KD-KDK - Law: United Kingdom & Ireland,KDK - Law - United Kingdom and Ireland
KD-KDK,KD-KDK - Law: United Kingdom & Ireland,KD-KDK - United Kingdom and Ireland
KDZ,KDZ - Law: North America,KDZ - America / North America|KDZ - Law - America/North America
KE,KE - Law: Canada,KE - Law - Canada
KF,KF - Law: United States,KF - Law - United States
KG-KKH,KG-KKH - Law: Latin America & Caribbean,KG-KKH - Latin America / Mexico and Central America / West Indies / Caribbean Area|KG - Law - Latin America - Mexico and Central America - West Indies/Caribbean Area
KJ-KKZ,KJ-KKZ - Law: Europe,KJ-KKZ - Europe|KKZ - Law - Europe
KL-KWX,KL-KWX - Law: Asia & Africa & Pacific,KL-KWX - Asia and Eurasia / Africa / Pacific Area / Antarctica|KWX - Law - Asia and Eurasia/Africa/Pacific Area/Antarctica
KZ,KZ - Law of Nations,KZ - Law - Law of Nations
L,L - Education General,L - Education - Education (General)
LA,LA - History of Education,LA - Education - History of Education
LB,LB - Theory & Practice of Education,LB - Theory and Practice of Education|LB - Education - Theory and Practice of Education
LC,LC - Special Aspects of Education,LC - Education - Special Aspects of Education
LD,LD - Educational Institutions: United States,LD - Individual Institutions / United States|LD - Education - Individual Institutions - United States
LE,LE - Educational Institutions: Americas (excl. US),LE - Individual Institutions / America Except United States|LE - Education - Individual Institutions - America (Except United States)
LF,LF - Educational Institutions: Europe,LF - Individual Institutions / Europe|LF - Education - Individual Institutions - Europe
LG,LG - Educational Institutions: Asia & Africa & Pacific,LG - Individual Institutions / Asia / Africa / Indian Ocean Islands / Australia / New Zealand / Pacific Islands|LG - Education - Individual Institutions - Asia/Africa/Indian Ocean Islands/Australia/New Zealand/Pacific Islands
LH,LH - College & School Publications,LH - College and School Magazines and Papers|LH - Education - College and School Magazines and Papers
LJ,LJ - Student Organizations: United States,LJ - Student Fraternities and Societies / United States|LJ - Education - Student Fraternities and Societies/United States
LT,LT - Textbooks,LT - Education - Textbooks
M,M - Music,M - Music - Music
ML,ML - Literature on Music,ML - Music - Literature on Music
MT,MT - Music Instruction & Study,MT - Instruction and Study|MT - Music - Instruction and Study
N,N - Visual Arts,N - Fine Arts - Visual Arts
NA,NA - Architecture,NA - Fine Arts - Architecture
NB,NB - Sculpture,NB - Fine Arts - Sculpture
NC,NC - Drawing & Design & Illustration,NC - Drawing / Design / Illustration|NC - Fine Arts - Drawing/Design/Illustration
ND,ND - Painting,ND - Fine Arts - Painting
NE,NE - Print Media,NE - Fine Arts - Print Media
NK,NK - Decorative Arts,NK - Fine Arts - Decorative Arts
NX,NX - Arts: General,NX - Arts in General|NX - Fine Arts - Arts in General
P,P - Philology & Linguistics,P - Philology / Linguistics|P - Language & Literature - Philology/Linguistics
PA,PA - Classical Languages & Literature,PA - Greek Language & Literature / Latin Language & Literature|PA - Language & Literature - Greek Language & Literature/Latin Language & Literature
PB,PB - Modern & Celtic Languages,PB - Modern Languages / Celtic Languages|PB - Language & Literature - Modern Languages/Celtic Languages
PC,PC - Romanic Languages,PC - Language & Literature - Romanic Languages
PD,PD - Germanic & Scandinavian Languages,PD - Germanic Languages / Scandinavian Languages|PD - Language & Literature - Germanic Languages/Scandinavian Languages
PE,PE - English Language,PE - Language & Literature - English Language
PF,PF - West Germanic Languages,PF - Language & Literature - West Germanic Languages
PG,PG - Slavic & Baltic Languages,PG - Slavic Languages / Baltic Languages / Albanian Language|PG - Language & Literature - Slavic Languages/Baltic Languages/Albanian Language
PH,PH - Uralic & Basque Languages,PH - Uralic Languages / Basque Language|PH - Language & Literature - Uralic Languages/Basque Language
PJ,PJ - Oriental Languages & Literature,PJ - Oriental Languages and Literatures|PJ - Language & Literature - Oriental Languages and Literatures
PK,PK - Indo-Iranian Languages & Literature,PK - Indo-Iranian Languages and Literatures|PK - Language & Literature - Indo-Iranian Languages and Literatures
PL,PL - Languages: East Asia & Africa & Oceania,PL - Languages and Literatures of Eastern Asia / Africa / Oceania|PL - Language & Literature - Languages and Literatures of Eastern Asia/Africa/Oceania
PM,PM - Indigenous & Constructed Languages,PM - Hyperborean / Indian / Artificial Languages|PM - Language & Literature - Hyperborean/Indian/Artificial Languages
PN,PN - Literature General,PN - Language & Literature - Literature (General)
PQ,PQ - Romance Literatures,PQ - French Literature / Italian Literature / Spanish Literature / Portuguese Literature|PQ - Language & Literature - French Literature/Italian Literature/Spanish Literature/Portuguese Literature
PR,PR - English Literature,PR - Language & Literature - English Literature
PS,PS - American Literature,PS - Language & Literature - American Literature
PT,PT - Germanic & Scandinavian Literatures,PT - German / Dutch / Flemish / Afrikaans / Scandinavian / Old Norse / Icelandic / Faroese / Danish / Norwegian / Swedish Literature|PT - Language & Literature - German/Dutch/Flemish/Afrikaans/Scandinavian/Old Norse (Icelandic and Norwegian)/Modern Icelandic/Faroese/Danish/Norwegian/Swedish Literature
PZ,PZ - Fiction & Juvenile Literature,PZ - Fiction and Juvenile Belles Lettres|PZ - Language & Literature - Fiction and Juvenile Belles Lettres
Q,Q - Science General,Q - Science - Science (General)
QA,QA - Mathematics,QA - Science - Mathematics
QB,QB - Astronomy,QB - Science - Astronomy
QC,QC - Physics,QC - Science - Physics
QD,QD - Chemistry,QD - Science - Chemistry
QE,QE - Geology,QE - Science - Geology
QH,QH - Natural History & Biology,QH - Natural History / Biology|QH - Science - Natural History - Biology
QK,QK - Botany,QK - Science - Botany
QL,QL - Zoology,QL - Science - Zoology
QM,QM - Human Anatomy,QM - Science - Human Anatomy
QP,QP - Physiology,QP - Science - Physiology
QR,QR - Microbiology,QR - Science - Microbiology
R,R - Medicine General,R - Medicine - Medicine (General)
RA,RA - Public Health & Medicine,RA - Public Aspects of Medicine|RA - Medicine - Public Aspects of Medicine
RB,RB - Pathology,RB - Medicine - Pathology
RC,RC - Internal Medicine,RC - Medicine - Internal Medicine
RD,RD - Surgery,RD - Medicine - Surgery
RE,RE - Ophthalmology,RE - Medicine - Ophthalmology
RF,RF - Otorhinolaryngology,RF - Medicine - Otorhinolaryngology
RG,RG - Gynecology & Obstetrics,RG - Gynecology and Obstetrics|RG - Medicine - Gynecology and Obstetrics
RJ,RJ - Pediatrics,RJ - Medicine - Pediatrics
RK,RK - Dentistry,RK - Medicine - Dentistry
RL,RL - Dermatology,RL - Medicine - Dermatology
RM,RM - Therapeutics & Pharmacology,RM - Therapeutics / Pharmacology|RM - Medicine - Therapeutics/Pharmacology
RS,RS - Pharmacy & Materia Medica,RS - Pharmacy and Materia Medica|RS - Medicine - Pharmacy and Materia Medica
RT,RT - Nursing,RT - Medicine - Nursing
RV,RV - Botanical & Alternative Medicine,RV - Botanic / Thomsonian / Eclectic Medicine|RV - Medicine - Botanic/Thomsonian/Eclectic Medicine
RX,RX - Homeopathy,RX - Medicine - Homeopathy
RZ,RZ - Other Medical Systems,RZ - Other Systems of Medicine|RZ - Medicine - Other Systems of Medicine
S,S - Agriculture General,S - Agriculture - Agriculture (General)
SB,SB - Plant Culture,SB - Agriculture - Plant Culture
SD,SD - Forestry,SD - Agriculture - Forestry
SF,SF - Animal Husbandry & Culture,SF - Animal Culture|SF - Agriculture - Animal Culture
SH,SH - Aquaculture & Fisheries & Angling,SH - Aquaculture / Fisheries / Angling|SH - Agriculture - Aquaculture/Fisheries/Angling
SK,SK - Hunting & Field Sports,SK - Hunting Sports|SK - Agriculture - Hunting Sports
T,T - Technology General,T - Technology - Technology (General)
TA,TA - Engineering: General & Civil,TA - Engineering General / Civil Engineering|TA - Technology - Engineering (General)/Civil Engineering
TC,TC - Hydraulic & Ocean Engineering,TC - Hydraulic Engineering / Ocean Engineering|TC - Technology - Hydraulic Engineering/Ocean Engineering
TD,TD - Environmental & Sanitary Engineering,TD - Environmental Technology / Sanitary Engineering|TD - Technology - Environmental Technology/Sanitary Engineering
TE,TE - Highway Engineering & Roads,TE - Highway Engineering / Roads and Pavements|TE - Technology - Highway Engineering/Roads and Pavements
TF,TF - Railroad Engineering and Operation,TF - Technology - Railroad Engineering and Operation
TG,TG - Bridge Engineering,TG - Technology - Bridge Engineering
TH,TH - Building Construction,TH - Technology - Building Construction
TJ,TJ - Mechanical Engineering and Machinery,TJ - Technology - Mechanical Engineering and Machinery
TK,TK - Electrical & Electronics & Nuclear Engineering,TK - Electrical Engineering / Electronics / Nuclear Engineering|TK - Technology - Electrical Engineering/Electronics/Nuclear Engineering|TK - Technology - Electrical Engineering / Electronics / Nuclear Engineering
TL,TL - Vehicles & Aviation & Space,TL - Motor Vehicles / Aeronautics / Astronautics|TL - Technology - Motor Vehicles/Aeronautics/Astronautics
TN,TN - Mining & Metallurgy,TN - Mining Engineering / Metallurgy|TN - Technology - Mining Engineering/Metallurgy
TP,TP - Chemical Technology,TP - Technology - Chemical Technology
TR,TR - Photography,TR - Technology - Photography
TS,TS - Manufactures,TS - Technology - Manufacturers
TT,TT - Handicrafts & Arts and Crafts,TT - Handicrafts / Arts and Crafts|TT - Technology - Handicrafts/Arts and Crafts
TX,TX - Home Economics,TX - Technology - Home Economics
U,U - Military Science General,U - Military Science - Military Science (General)
UA,UA - Armies & Military Organization,UA - Armies / Organization / Distribution / Military Situation|UA - Military Science - Armies:Organization/Distribution/Military Situation
UB,UB - Military Administration,UB - Military Science - Military Administration
UC,UC - Military Maintenance & Transport,UC - Maintenance and Transportation|UC - Military Science - Maintenance and Transportation
UD,UD - Infantry,UD - Military Science - Infantry
UE,UE - Cavalry & Armor,UE - Cavalry / Armor|UE - Military Science - Cavalry/Armor
UF,UF - Artillery,UF - Military Science - Artillery
UG,UG - Military Engineering & Air Forces,UG - Military Engineering / Air Forces|UG - Military Science - Military Engineering/Air Forces
UH,UH - Other Military Services,UH - Other Services|UH - Military Science - Other Services
V,V - Naval Science General,V - Naval Science - Naval Science (General)
VA,VA - Navies & Naval Organization,VA - Navies / Organization / Distribution / Naval Situation|VA - Naval Science - Navies: Organization/Distribution/Naval Situation
VB,VB - Naval Administration,VB - Naval Science - Naval Administration
VC,VC - Naval Maintenance,VC - Naval Science - Naval Maintenance
VD,VD - Naval Seamen,VD - Naval Science - Naval Seamen
VE,VE - Marines,VE - Naval Science - Marines
VF,VF - Naval Ordnance,VF - Naval Science - Naval Ordinance
VG,VG - Minor Naval Services,VG - Minor Services of Navies|VG - Naval Science - Minor Services of Navies
VK,VK - Navigation & Merchant Marine,VK - Navigation / Merchant Marine|VK - Naval Science - Navigation/Merchant Marine
VM,VM - Naval Architecture & Shipbuilding,VM - Naval Architecture / Shipbuilding / Marine Engineering|VM - Naval Science - Naval Architecture/Shipbuilding/Marine Engineering
Z,Z - Books & Libraries & Bibliography,Z - Books General / Writing / Paleography / Book Industries and Trade / Libraries / Bibliography|Z - Bibliography/Library Science/Information Resources (General) - Books (General)/Writing/Paleography/Book Industries and Trade/Libraries/Bibliography
ZA,ZA - Information Resources General,ZA - Bibliography/Library Science/Information Resources (General) - Information Resources (General)
